{
  "video_source": "traffic_light_video.mp4",
  "frame_index": 0,
  "frame_width": 720,
  "frame_height": 1280,
  "bev_width_px": 720,
  "bev_height_px": 1280,
  "src_points": [
    [
      32,
      612
    ],
    [
      393,
      457
    ],
    [
      316,
      748
    ],
    [
      650,
      537
    ]
  ],
  "dst_points": [
    [
      153,
      766
    ],
    [
      203,
      347
    ],
    [
      549,
      849
    ],
    [
      553,
      438
    ]
  ],
  "homography_matrix": [
    [
      4.74949861456938,
      10.27239991604115,
      -5638.544023186892
    ],
    [
      -1.0878478299219327,
      13.137956083378292,
      -3999.644857045649
    ],
    [
      0.001045337771117669,
      0.006856665250214864,
      1.0
    ]
  ],
  "pixels_per_meter": 75.1066
}