{
  "video_source": "traffic_road_720_clipped.mp4",
  "frame_index": 0,
  "frame_width": 1280,
  "frame_height": 720,
  "bev_width_px": 1280,
  "bev_height_px": 720,
  "src_points": [
    [
      533,
      288
    ],
    [
      747,
      288
    ],
    [
      143,
      528
    ],
    [
      1111,
      526
    ]
  ],
  "dst_points": [
    [
      282,
      150
    ],
    [
      920,
      152
    ],
    [
      286,
      598
    ],
    [
      940,
      602
    ]
  ],
  "homography_matrix": [
    [
      -0.958151611957589,
      -2.8865676472698554,
      1250.5952247165933
    ],
    [
      -0.0016325441231714907,
      -3.3765843173088776,
      924.6928831948838
    ],
    [
      9.194627410564615e-06,
      -0.004615015200675877,
      1.0
    ]
  ],
  "pixels_per_meter": 32.7653
}