{
  "video_source": "traffic_clipped01.mp4",
  "frame_index": 0,
  "frame_width": 640,
  "frame_height": 360,
  "bev_width_px": 640,
  "bev_height_px": 360,
  "src_points": [
    [
      258,
      149
    ],
    [
      373,
      147
    ],
    [
      74,
      262
    ],
    [
      556,
      262
    ]
  ],
  "dst_points": [
    [
      149,
      100
    ],
    [
      500,
      100
    ],
    [
      149,
      300
    ],
    [
      499,
      301
    ]
  ],
  "homography_matrix": [
    [
      -0.9687501466775533,
      -2.7843146721429837,
      620.6657118982453
    ],
    [
      -0.05622076845924616,
      -3.0457652964244533,
      438.7033752861933
    ],
    [
      -0.00017842956971377095,
      -0.00839041135871949,
      1.0
    ]
  ],
  "pixels_per_meter": 17.5161
}