{
  "video_source": "vehicle_crash.mp4",
  "frame_index": 0,
  "frame_width": 1280,
  "frame_height": 720,
  "bev_width_px": 1280,
  "bev_height_px": 720,
  "src_points": [
    [
      279,
      322
    ],
    [
      1216,
      204
    ],
    [
      184,
      78
    ],
    [
      492,
      50
    ]
  ],
  "dst_points": [
    [
      347,
      645
    ],
    [
      1055,
      397
    ],
    [
      99,
      220
    ],
    [
      695,
      6
    ]
  ],
  "homography_matrix": [
    [
      6.449679203104547,
      8.908253932162964,
      -1574.4813519270729
    ],
    [
      -0.2611371601484776,
      20.870509861434577,
      -897.3984691626328
    ],
    [
      0.0015874449210731482,
      0.023204679030122577,
      1.0
    ]
  ],
  "pixels_per_meter": 30.2618
}